,Game Code,Winning Team Code,Losing Team Code,Winning Team Points,Losing Team Points,Winning Team Seed,Losing Team Seed,Upset Factor
0,5053920060902.0,539.0,5.0,34.0,16.0,,,
1,5049020060909.0,5.0,490.0,20.0,17.0,,,
2,5012920060916.0,129.0,5.0,24.0,21.0,,,
3,497000520060923.0,5.0,497.0,33.0,13.0,,,
4,5033120060930.0,331.0,5.0,37.0,15.0,,,
5,5014020061007.0,140.0,5.0,20.0,14.0,,,
6,414000520061021.0,5.0,414.0,24.0,13.0,,,
7,5070920061028.0,709.0,5.0,35.0,20.0,,,
8,71000520061104.0,5.0,71.0,35.0,28.0,,,
9,86000520061109.0,5.0,86.0,31.0,16.0,,,
10,5051920061116.0,519.0,5.0,17.0,7.0,,,
11,774000520061124.0,774.0,5.0,17.0,0.0,,,
12,277000820060902.0,8.0,277.0,25.0,17.0,,,
13,736000820060909.0,8.0,736.0,13.0,10.0,,,
14,498000820060916.0,8.0,498.0,41.0,7.0,,,
15,8003120060923.0,31.0,8.0,24.0,23.0,,,
16,8023520060930.0,235.0,8.0,28.0,13.0,,,
17,193000820061007.0,8.0,193.0,30.0,14.0,,,
18,433000820061014.0,8.0,433.0,26.0,23.0,,,
19,8069420061021.0,694.0,8.0,16.0,13.0,,,
20,231000820061028.0,8.0,231.0,38.0,3.0,,,
21,430000820061104.0,430.0,8.0,24.0,16.0,,,
22,8036520061111.0,365.0,8.0,28.0,14.0,,,
23,37000820061118.0,37.0,8.0,22.0,15.0,,,
24,521000820061228.0,521.0,8.0,34.0,31.0,,,
25,9052220060902.0,522.0,9.0,24.0,17.0,,,
26,196000920060909.0,9.0,196.0,17.0,12.0,,,
27,9025720060916.0,257.0,9.0,34.0,0.0,,,
28,430000920060923.0,430.0,9.0,16.0,10.0,,,
29,716000920060930.0,9.0,716.0,21.0,3.0,,,
30,404000920061007.0,9.0,404.0,35.0,29.0,,,
31,9057420061014.0,574.0,9.0,34.0,33.0,,,
32,388000920061021.0,388.0,9.0,31.0,24.0,,,
33,9066320061031.0,663.0,9.0,22.0,9.0,,,
34,704000920061110.0,704.0,9.0,36.0,17.0,,,
35,9066420061118.0,664.0,9.0,25.0,20.0,,,
36,9012820061125.0,128.0,9.0,31.0,22.0,,,
37,501002820060831.0,28.0,501.0,35.0,14.0,,,
38,466002820060909.0,28.0,466.0,52.0,21.0,,,
39,28015720060916.0,28.0,157.0,21.0,3.0,,,
40,28010720060923.0,107.0,28.0,49.0,21.0,,,
41,529002820060930.0,529.0,28.0,48.0,13.0,,,
42,28065720061014.0,657.0,28.0,28.0,21.0,,,
43,674002820061021.0,28.0,674.0,38.0,3.0,,,
44,28075620061028.0,28.0,756.0,26.0,23.0,,,
45,28052820061104.0,528.0,28.0,44.0,10.0,,,
46,754002820061111.0,28.0,754.0,47.0,14.0,,,
47,110002820061118.0,110.0,28.0,24.0,12.0,,,
48,28002920061125.0,28.0,29.0,28.0,14.0,,,
49,277002820061224.0,277.0,28.0,41.0,24.0,,,
50,77002920060902.0,29.0,77.0,16.0,13.0,,,
51,29036520060909.0,365.0,29.0,45.0,3.0,,,
52,676002920060916.0,29.0,676.0,28.0,10.0,,,
53,657002920060923.0,657.0,29.0,20.0,3.0,,,
54,756002920060930.0,756.0,29.0,21.0,10.0,,,
55,29011020061007.0,110.0,29.0,27.0,7.0,,,
56,29067420061014.0,29.0,674.0,20.0,7.0,,,
57,528002920061021.0,528.0,29.0,17.0,10.0,,,
58,29075420061104.0,29.0,754.0,27.0,17.0,,,
59,107002920061111.0,29.0,107.0,24.0,20.0,,,
60,29052920061118.0,29.0,529.0,37.0,10.0,,,
61,725003020060902.0,30.0,725.0,14.0,6.0,,,
62,521003020060909.0,521.0,30.0,35.0,7.0,,,
63,30066320060923.0,663.0,30.0,55.0,9.0,,,
64,30023120060930.0,30.0,231.0,31.0,6.0,,,
65,498003020061007.0,30.0,498.0,10.0,6.0,,,
66,30040420061014.0,30.0,404.0,26.0,23.0,,,
67,497003020061021.0,30.0,497.0,29.0,10.0,,,
68,30022920061028.0,229.0,30.0,29.0,0.0,,,
69,30003720061104.0,37.0,30.0,27.0,0.0,,,
70,419003020061111.0,419.0,30.0,38.0,10.0,,,
71,30071620061118.0,30.0,716.0,33.0,26.0,,,
72,30067120061125.0,671.0,30.0,28.0,13.0,,,
73,657003120060902.0,657.0,31.0,50.0,14.0,,,
74,731003120060909.0,31.0,731.0,20.0,0.0,,,
75,31073620060916.0,31.0,736.0,21.0,19.0,,,
76,31003720061007.0,31.0,37.0,27.0,10.0,,,
77,654003120061014.0,31.0,654.0,63.0,7.0,,,
78,433003120061021.0,31.0,433.0,38.0,3.0,,,
79,31049820061028.0,31.0,498.0,44.0,10.0,,,
80,31064820061104.0,31.0,648.0,26.0,20.0,,,
81,694003120061111.0,31.0,694.0,31.0,14.0,,,
82,31043020061118.0,31.0,430.0,28.0,14.0,,,
83,365003120061124.0,365.0,31.0,31.0,26.0,,,
84,31023520061202.0,235.0,31.0,38.0,28.0,,,
85,31079620070101.0,796.0,31.0,17.0,14.0,,,
86,754003720060902.0,37.0,754.0,40.0,14.0,,,
87,37043020060909.0,37.0,430.0,34.0,0.0,,,
88,365003720060916.0,37.0,365.0,7.0,3.0,,,
89,86003720060923.0,37.0,86.0,38.0,7.0,,,
90,37064820060928.0,37.0,648.0,24.0,17.0,,,
91,235003720061014.0,37.0,235.0,27.0,17.0,,,
92,718003720061021.0,37.0,718.0,38.0,13.0,,,
93,37043320061028.0,37.0,433.0,23.0,17.0,,,
94,257003720061111.0,257.0,37.0,37.0,15.0,,,
95,37046320070101.0,37.0,463.0,17.0,14.0,,,
96,204004720060831.0,47.0,204.0,38.0,20.0,,,
97,306004720060909.0,306.0,47.0,24.0,23.0,,,
98,47055920060916.0,559.0,47.0,38.0,28.0,,,
99,493004720060923.0,493.0,47.0,29.0,24.0,,,
100,503004720060930.0,503.0,47.0,40.0,28.0,,,
101,47008620061007.0,47.0,86.0,55.0,25.0,,,
102,47012920061014.0,129.0,47.0,18.0,7.0,,,
103,774004720061021.0,774.0,47.0,41.0,27.0,,,
104,47041420061028.0,47.0,414.0,20.0,17.0,,,
105,47041820061104.0,418.0,47.0,34.0,26.0,,,
106,47070920061114.0,47.0,709.0,20.0,17.0,,,
107,331004720061124.0,47.0,331.0,30.0,6.0,,,
108,698005120060903.0,698.0,51.0,17.0,7.0,,,
109,508005120060909.0,51.0,508.0,47.0,10.0,,,
110,51075420060916.0,754.0,51.0,17.0,15.0,,,
111,725005120060923.0,725.0,51.0,27.0,20.0,,,
112,327005120060930.0,51.0,327.0,17.0,3.0,,,
113,51015720061007.0,51.0,157.0,34.0,31.0,,,
114,51070320061014.0,703.0,51.0,63.0,31.0,,,
115,328005120061021.0,51.0,328.0,36.0,35.0,,,
116,697005120061028.0,697.0,51.0,31.0,21.0,,,
117,51070020061104.0,700.0,51.0,55.0,21.0,,,
118,51052120061111.0,521.0,51.0,66.0,24.0,,,
119,522005120061118.0,522.0,51.0,36.0,10.0,,,
120,102006620060831.0,66.0,102.0,45.0,0.0,,,
121,528006620060907.0,66.0,528.0,42.0,14.0,,,
122,66081120060916.0,66.0,811.0,17.0,10.0,,,
123,277006620060923.0,66.0,277.0,41.0,34.0,,,
124,66073220060930.0,66.0,732.0,36.0,3.0,,,
125,366006620061007.0,66.0,366.0,55.0,14.0,,,
126,66047220061015.0,66.0,472.0,40.0,28.0,,,
127,66029520061021.0,66.0,295.0,42.0,26.0,,,
128,96006620061101.0,66.0,96.0,45.0,21.0,,,
129,66063020061111.0,66.0,630.0,23.0,20.0,,,
130,731006620061118.0,66.0,731.0,49.0,10.0,,,
131,66046620061125.0,66.0,466.0,38.0,7.0,,,
132,66052220070101.0,66.0,522.0,43.0,42.0,,,
133,67012920060831.0,67.0,129.0,31.0,24.0,,,
134,147006720060909.0,67.0,147.0,34.0,33.0,,,
135,77006720060916.0,67.0,77.0,30.0,23.0,,,
136,67049020060923.0,490.0,67.0,17.0,15.0,,,
137,380006720060930.0,67.0,380.0,22.0,0.0,,,
138,742006720061012.0,67.0,742.0,22.0,3.0,,,
139,67023420061021.0,67.0,234.0,24.0,19.0,,,
140,86006720061028.0,67.0,86.0,41.0,0.0,,,
141,67074920061104.0,749.0,67.0,21.0,14.0,,,
142,193006720061111.0,67.0,193.0,28.0,7.0,,,
143,392006720061118.0,67.0,392.0,38.0,16.0,,,
144,67041520061123.0,415.0,67.0,17.0,14.0,,,
145,726006720061230.0,67.0,726.0,25.0,24.0,,,
146,796007120060902.0,796.0,71.0,35.0,14.0,,,
147,86007120060909.0,71.0,86.0,48.0,40.0,,,
148,71023120060916.0,71.0,231.0,33.0,28.0,,,
149,331007120060923.0,331.0,71.0,38.0,3.0,,,
150,71051920060930.0,71.0,519.0,21.0,9.0,,,
151,71051820061007.0,518.0,71.0,35.0,7.0,,,
152,204007120061014.0,71.0,204.0,24.0,21.0,,,
153,71012920061019.0,129.0,71.0,31.0,14.0,,,
154,71069020061028.0,690.0,71.0,28.0,14.0,,,
155,414007120061115.0,414.0,71.0,9.0,7.0,,,
156,71070920061121.0,709.0,71.0,31.0,21.0,,,
157,719007720060909.0,77.0,719.0,49.0,24.0,,,
158,731007720060923.0,77.0,731.0,38.0,0.0,,,
159,77069820060928.0,77.0,698.0,31.0,17.0,,,
160,626007720061007.0,77.0,626.0,47.0,17.0,,,
161,465007720061021.0,77.0,465.0,52.0,7.0,,,
162,77072120061028.0,77.0,721.0,33.0,14.0,,,
163,77015620061104.0,77.0,156.0,24.0,3.0,,,
164,811007720061109.0,77.0,811.0,55.0,7.0,,,
165,473007720061118.0,77.0,473.0,42.0,17.0,,,
166,77073220061125.0,77.0,732.0,33.0,31.0,,,
167,77052920061221.0,77.0,529.0,38.0,8.0,,,
168,690008620060831.0,86.0,690.0,9.0,3.0,,,
169,86050320060916.0,503.0,86.0,31.0,13.0,,,
170,414008620061015.0,414.0,86.0,38.0,31.0,,,
171,86051920061021.0,519.0,86.0,42.0,7.0,,,
172,331008620061104.0,86.0,331.0,41.0,14.0,,,
173,86079620061118.0,796.0,86.0,35.0,3.0,,,
174,129008620061124.0,129.0,86.0,55.0,28.0,,,
175,466009620060901.0,96.0,466.0,28.0,19.0,,,
176,529009620060909.0,529.0,96.0,31.0,24.0,,,
177,96075620060916.0,756.0,96.0,21.0,20.0,,,
178,156009620060930.0,156.0,96.0,35.0,23.0,,,
179,96073120061007.0,731.0,96.0,13.0,12.0,,,
180,277009620061014.0,277.0,96.0,68.0,37.0,,,
181,96036520061021.0,365.0,96.0,38.0,6.0,,,
182,472009620061111.0,96.0,472.0,23.0,18.0,,,
183,295009620061118.0,96.0,295.0,34.0,0.0,,,
184,96036620061124.0,96.0,366.0,34.0,27.0,,,
185,96063020061202.0,630.0,96.0,24.0,14.0,,,
186,107069420060902.0,694.0,107.0,35.0,18.0,,,
187,428010720060909.0,107.0,428.0,42.0,17.0,,,
188,550010720060916.0,107.0,550.0,42.0,16.0,,,
189,107052820060930.0,107.0,528.0,41.0,13.0,,,
190,529010720061007.0,107.0,529.0,45.0,24.0,,,
191,107075420061014.0,107.0,754.0,21.0,3.0,,,
192,756010720061021.0,107.0,756.0,31.0,24.0,,,
193,110010720061104.0,107.0,110.0,38.0,24.0,,,
194,107065720061118.0,657.0,107.0,23.0,9.0,,,
195,674010720061202.0,107.0,674.0,26.0,17.0,,,
196,697010720061228.0,107.0,697.0,45.0,10.0,,,
197,732011020060902.0,110.0,732.0,31.0,10.0,,,
198,574011020060909.0,110.0,574.0,26.0,16.0,,,
199,110075620060923.0,756.0,110.0,29.0,19.0,,,
200,674011020060930.0,110.0,674.0,31.0,0.0,,,
201,110052920061014.0,529.0,110.0,30.0,20.0,,,
202,110051320061021.0,513.0,110.0,20.0,17.0,,,
203,754011020061028.0,754.0,110.0,37.0,15.0,,,
204,528011020061111.0,110.0,528.0,25.0,7.0,,,
205,657011020061202.0,110.0,657.0,13.0,9.0,,,
206,234011020061227.0,234.0,110.0,44.0,27.0,,,
207,739012820060902.0,128.0,739.0,35.0,16.0,,,
208,128023520060909.0,235.0,128.0,42.0,0.0,,,
209,651012820060916.0,651.0,128.0,24.0,17.0,,,
210,664012820060926.0,664.0,128.0,19.0,14.0,,,
211,128038820061004.0,128.0,388.0,23.0,22.0,,,
212,545012820061013.0,545.0,128.0,52.0,7.0,,,
213,574012820061021.0,574.0,128.0,40.0,29.0,,,
214,128028820061028.0,288.0,128.0,51.0,31.0,,,
215,196012820061104.0,196.0,128.0,23.0,10.0,,,
216,128040420061111.0,128.0,404.0,26.0,24.0,,,
217,128071820061118.0,718.0,128.0,10.0,9.0,,,
218,129041820060909.0,418.0,129.0,41.0,17.0,,,
219,129020420060923.0,129.0,204.0,24.0,17.0,,,
220,129033420060930.0,334.0,129.0,45.0,36.0,,,
221,129070920061007.0,129.0,709.0,42.0,20.0,,,
222,129069020061104.0,129.0,690.0,42.0,26.0,,,
223,774012920061110.0,129.0,774.0,31.0,7.0,,,
224,129050320061117.0,503.0,129.0,31.0,10.0,,,
225,129051920061130.0,129.0,519.0,31.0,10.0,,,
226,419012920061226.0,129.0,419.0,31.0,14.0,,,
227,202014020060902.0,140.0,202.0,31.0,0.0,,,
228,545014020060908.0,545.0,140.0,33.0,15.0,,,
229,140051820060916.0,518.0,140.0,37.0,7.0,,,
230,140074220060923.0,742.0,140.0,29.0,13.0,,,
231,414014020060930.0,140.0,414.0,24.0,10.0,,,
232,140036720061014.0,367.0,140.0,23.0,17.0,,,
233,651014020061022.0,140.0,651.0,23.0,6.0,,,
234,688014020061028.0,140.0,688.0,17.0,3.0,,,
235,140076820061111.0,768.0,140.0,42.0,24.0,,,
236,587014020061118.0,140.0,587.0,30.0,11.0,,,
237,140016420061125.0,140.0,164.0,26.0,23.0,,,
238,774014020070106.0,140.0,774.0,27.0,24.0,,,
239,229014720060902.0,147.0,229.0,54.0,6.0,,,
240,147023420060916.0,147.0,234.0,27.0,20.0,,,
241,457014720060923.0,147.0,457.0,52.0,7.0,,,
242,366014720060930.0,147.0,366.0,51.0,0.0,,,
243,147074920061007.0,147.0,749.0,27.0,17.0,,,
244,147069020061012.0,147.0,690.0,63.0,9.0,,,
245,255014720061021.0,147.0,255.0,31.0,7.0,,,
246,147074220061026.0,742.0,147.0,24.0,7.0,,,
247,392014720061104.0,392.0,147.0,13.0,12.0,,,
248,490014720061111.0,147.0,490.0,20.0,14.0,,,
249,648014720061125.0,648.0,147.0,31.0,28.0,,,
250,147033420061229.0,334.0,147.0,28.0,20.0,,,
251,758015620060902.0,156.0,758.0,30.0,6.0,,,
252,157015620060909.0,156.0,157.0,14.0,10.0,,,
253,156046620060916.0,466.0,156.0,28.0,10.0,,,
254,465015620061007.0,156.0,465.0,28.0,7.0,,,
255,156072120061012.0,721.0,156.0,24.0,21.0,,,
256,156081120061021.0,811.0,156.0,24.0,0.0,,,
257,473015620061028.0,473.0,156.0,20.0,19.0,,,
258,156073220061111.0,732.0,156.0,35.0,22.0,,,
259,698015620061125.0,698.0,156.0,45.0,14.0,,,
260,156062620061202.0,626.0,156.0,17.0,6.0,,,
261,440015720060902.0,440.0,157.0,19.0,10.0,,,
262,157025720060923.0,257.0,157.0,14.0,13.0,,,
263,157043420060930.0,434.0,157.0,28.0,13.0,,,
264,700015720061014.0,157.0,700.0,30.0,6.0,,,
265,157052220061021.0,522.0,157.0,24.0,3.0,,,
266,157032820061028.0,328.0,157.0,20.0,15.0,,,
267,327015720061104.0,327.0,157.0,34.0,21.0,,,
268,311015720061111.0,157.0,311.0,33.0,16.0,,,
269,157046320061124.0,463.0,157.0,37.0,14.0,,,
270,572016420060831.0,164.0,572.0,52.0,7.0,,,
271,749016420060916.0,749.0,164.0,24.0,13.0,,,
272,164030620060923.0,164.0,306.0,14.0,7.0,,,
273,726016420060930.0,726.0,164.0,41.0,17.0,,,
274,164065120061007.0,651.0,164.0,38.0,16.0,,,
275,725016420061014.0,164.0,725.0,21.0,7.0,,,
276,768016420061020.0,768.0,164.0,37.0,11.0,,,
277,164058720061029.0,587.0,164.0,24.0,13.0,,,
278,545016420061111.0,164.0,545.0,46.0,45.0,,,
279,164068820061118.0,688.0,164.0,20.0,14.0,,,
280,164036720061202.0,367.0,164.0,48.0,17.0,,,
281,575019320060902.0,575.0,193.0,13.0,0.0,,,
282,193074920060909.0,749.0,193.0,14.0,13.0,,,
283,193074220060916.0,742.0,193.0,36.0,0.0,,,
284,746019320060930.0,746.0,193.0,37.0,0.0,,,
285,234019320061014.0,234.0,193.0,51.0,24.0,,,
286,415019320061021.0,415.0,193.0,20.0,15.0,,,
287,736019320061028.0,736.0,193.0,45.0,28.0,,,
288,726019320061104.0,726.0,193.0,38.0,13.0,,,
289,193025520061118.0,255.0,193.0,49.0,21.0,,,
290,457019320061125.0,457.0,193.0,45.0,44.0,,,
291,196072620060902.0,726.0,196.0,28.0,23.0,,,
292,404019620060916.0,196.0,404.0,35.0,20.0,,,
293,768019620060923.0,768.0,196.0,27.0,10.0,,,
294,746019620061007.0,196.0,746.0,31.0,21.0,,,
295,719019620061014.0,719.0,196.0,31.0,10.0,,,
296,663019620061021.0,196.0,663.0,38.0,21.0,,,
297,196066420061028.0,196.0,664.0,20.0,17.0,,,
298,388019620061111.0,196.0,388.0,33.0,20.0,,,
299,196057420061118.0,574.0,196.0,18.0,17.0,,,
300,196049020061125.0,196.0,490.0,21.0,16.0,,,
301,651019620061223.0,651.0,196.0,24.0,7.0,,,
302,204041620060909.0,416.0,204.0,52.0,20.0,,,
303,204050920060916.0,509.0,204.0,14.0,6.0,,,
304,204067120060930.0,671.0,204.0,33.0,14.0,,,
305,709020420061021.0,204.0,709.0,17.0,13.0,,,
306,204077420061028.0,774.0,204.0,18.0,15.0,,,
307,519020420061104.0,519.0,204.0,16.0,10.0,,,
308,726020420061111.0,726.0,204.0,49.0,21.0,,,
309,204033120061117.0,331.0,204.0,14.0,6.0,,,
310,503020420061124.0,503.0,204.0,27.0,0.0,,,
311,229032720060909.0,327.0,229.0,45.0,0.0,,,
312,229052120060916.0,521.0,229.0,48.0,8.0,,,
313,229064820060923.0,648.0,229.0,45.0,6.0,,,
314,229049820060930.0,229.0,498.0,21.0,19.0,,,
315,667022920061012.0,229.0,667.0,32.0,7.0,,,
316,671022920061018.0,671.0,229.0,6.0,0.0,,,
317,229041920061104.0,419.0,229.0,35.0,14.0,,,
318,716022920061111.0,716.0,229.0,24.0,17.0,,,
319,229049720061118.0,229.0,497.0,17.0,16.0,,,
320,231022920061125.0,229.0,231.0,31.0,0.0,,,
321,231041920060831.0,419.0,231.0,7.0,6.0,,,
322,231065120060909.0,651.0,231.0,21.0,20.0,,,
323,231039220060923.0,392.0,231.0,14.0,10.0,,,
324,231049720061007.0,497.0,231.0,25.0,22.0,,,
325,231041520061014.0,415.0,231.0,35.0,0.0,,,
326,498023120061111.0,498.0,231.0,35.0,0.0,,,
327,671023120061118.0,671.0,231.0,17.0,7.0,,,
328,716023120061202.0,716.0,231.0,26.0,13.0,,,
329,234041520060904.0,234.0,415.0,13.0,10.0,,,
330,716023420060909.0,234.0,716.0,24.0,17.0,,,
331,574023420060923.0,234.0,574.0,55.0,7.0,,,
332,234049020061005.0,490.0,234.0,24.0,20.0,,,
333,234039220061028.0,392.0,234.0,27.0,24.0,,,
334,746023420061104.0,234.0,746.0,33.0,0.0,,,
335,749023420061111.0,749.0,234.0,30.0,0.0,,,
336,774023420061118.0,234.0,774.0,28.0,20.0,,,
337,235023420061125.0,235.0,234.0,21.0,14.0,,,
338,664023520060902.0,235.0,664.0,34.0,7.0,,,
339,235069420060916.0,235.0,694.0,21.0,20.0,,,
340,334023520060923.0,235.0,334.0,26.0,7.0,,,
341,365023520061007.0,235.0,365.0,23.0,10.0,,,
342,235025720061028.0,235.0,257.0,21.0,14.0,,,
343,235073620061104.0,235.0,736.0,25.0,19.0,,,
344,648023520061111.0,235.0,648.0,17.0,16.0,,,
345,769023520061118.0,235.0,769.0,62.0,0.0,,,
346,235051820070108.0,235.0,518.0,41.0,14.0,,,
347,513025520060902.0,513.0,255.0,14.0,10.0,,,
348,625025520060909.0,255.0,625.0,38.0,6.0,,,
349,716025520060916.0,255.0,716.0,35.0,20.0,,,
350,746025520060921.0,255.0,746.0,24.0,7.0,,,
351,255074220060930.0,255.0,742.0,38.0,27.0,,,
352,392025520061007.0,255.0,392.0,27.0,23.0,,,
353,415025520061028.0,255.0,415.0,30.0,23.0,,,
354,255049020061104.0,255.0,490.0,31.0,23.0,,,
355,255045720061111.0,255.0,457.0,7.0,0.0,,,
356,255025720061125.0,257.0,255.0,15.0,12.0,,,
357,749025520061202.0,749.0,255.0,9.0,6.0,,,
358,768025520070101.0,768.0,255.0,38.0,35.0,,,
359,772025720060902.0,257.0,772.0,48.0,12.0,,,
360,257064820060909.0,257.0,648.0,18.0,0.0,,,
361,257043320060930.0,257.0,433.0,14.0,9.0,,,
362,694025720061007.0,694.0,257.0,51.0,33.0,,,
363,736025720061014.0,736.0,257.0,24.0,22.0,,,
364,430025720061021.0,257.0,430.0,27.0,24.0,,,
365,257033420061104.0,334.0,257.0,24.0,20.0,,,
366,257074220061230.0,257.0,742.0,31.0,24.0,,,
367,465027720060916.0,277.0,465.0,42.0,13.0,,,
368,201027720060930.0,277.0,201.0,44.0,9.0,,,
369,466027720061007.0,277.0,466.0,41.0,34.0,,,
370,277047220061021.0,277.0,472.0,49.0,30.0,,,
371,295027720061028.0,277.0,295.0,68.0,10.0,,,
372,277073120061104.0,277.0,731.0,63.0,10.0,,,
373,366027720061111.0,277.0,366.0,61.0,17.0,,,
374,630027720061118.0,277.0,630.0,54.0,17.0,,,
375,559027720061125.0,277.0,559.0,42.0,35.0,,,
376,528027720061202.0,528.0,277.0,35.0,32.0,,,
377,288057420060902.0,288.0,574.0,31.0,30.0,,,
378,718028820060909.0,288.0,718.0,45.0,7.0,,,
379,261028820060916.0,288.0,261.0,42.0,22.0,,,
380,521028820060923.0,288.0,521.0,34.0,25.0,,,
381,288041520060930.0,415.0,288.0,14.0,13.0,,,
382,671028820061007.0,671.0,288.0,31.0,28.0,,,
383,288066420061014.0,664.0,288.0,31.0,27.0,,,
384,704028820061021.0,288.0,704.0,34.0,17.0,,,
385,719028820061104.0,288.0,719.0,27.0,10.0,,,
386,288066320061111.0,288.0,663.0,37.0,27.0,,,
387,288040420061118.0,288.0,404.0,23.0,20.0,,,
388,664028820061201.0,288.0,664.0,34.0,20.0,,,
389,648028820061229.0,648.0,288.0,44.0,36.0,,,
390,295041620060902.0,416.0,295.0,27.0,17.0,,,
391,295075420060909.0,754.0,295.0,56.0,10.0,,,
392,294029520060916.0,295.0,294.0,27.0,24.0,,,
393,295052820060923.0,528.0,295.0,38.0,0.0,,,
394,295073120060930.0,295.0,731.0,41.0,21.0,,,
395,472029520061007.0,295.0,472.0,28.0,20.0,,,
396,295036620061014.0,295.0,366.0,24.0,14.0,,,
397,466029520061104.0,466.0,295.0,45.0,7.0,,,
398,630029520061125.0,630.0,295.0,28.0,13.0,,,
399,201030120060902.0,301.0,201.0,42.0,17.0,,,
400,301058720060909.0,587.0,301.0,33.0,0.0,,,
401,688030120060916.0,688.0,301.0,31.0,21.0,,,
402,312030120060923.0,312.0,301.0,24.0,7.0,,,
403,301041620060930.0,301.0,416.0,23.0,20.0,,,
404,306030120061007.0,306.0,301.0,34.0,32.0,,,
405,519030120061014.0,519.0,301.0,20.0,17.0,,,
406,301053920061021.0,539.0,301.0,26.0,12.0,,,
407,301079620061028.0,796.0,301.0,30.0,24.0,,,
408,518030120061104.0,518.0,301.0,17.0,10.0,,,
409,559030120061111.0,559.0,301.0,42.0,31.0,,,
410,301050920061118.0,509.0,301.0,27.0,16.0,,,
411,774030620060902.0,306.0,774.0,39.0,20.0,,,
412,659030620060916.0,659.0,306.0,35.0,28.0,,,
413,796030620060930.0,796.0,306.0,52.0,17.0,,,
414,312030620061014.0,306.0,312.0,31.0,28.0,,,
415,306051820061021.0,518.0,306.0,44.0,3.0,,,
416,416030620061028.0,306.0,416.0,46.0,21.0,,,
417,306042820061104.0,428.0,306.0,63.0,26.0,,,
418,418030620061111.0,418.0,306.0,34.0,3.0,,,
419,306055920061118.0,559.0,306.0,28.0,19.0,,,
420,709031120060831.0,311.0,709.0,45.0,43.0,,,
421,465031120060909.0,311.0,465.0,16.0,10.0,,,
422,311031220060916.0,312.0,311.0,27.0,17.0,,,
423,311070320060923.0,703.0,311.0,37.0,14.0,,,
424,504031120060930.0,311.0,504.0,28.0,27.0,,,
425,463031120061007.0,463.0,311.0,28.0,14.0,,,
426,311052220061014.0,522.0,311.0,34.0,9.0,,,
427,700031120061021.0,700.0,311.0,42.0,26.0,,,
428,311032720061028.0,327.0,311.0,31.0,10.0,,,
429,328031120061104.0,328.0,311.0,41.0,10.0,,,
430,434031120061118.0,311.0,434.0,21.0,16.0,,,
431,441031220060902.0,312.0,441.0,41.0,7.0,,,
432,312068820060909.0,312.0,688.0,20.0,13.0,,,
433,518031220060930.0,518.0,312.0,38.0,17.0,,,
434,559031220061007.0,312.0,559.0,47.0,17.0,,,
435,312041820061021.0,418.0,312.0,20.0,6.0,,,
436,503031220061028.0,312.0,503.0,24.0,14.0,,,
437,509031220061104.0,509.0,312.0,21.0,7.0,,,
438,796031220061111.0,796.0,312.0,24.0,21.0,,,
439,312042820061118.0,428.0,312.0,34.0,24.0,,,
440,703031220061230.0,703.0,312.0,26.0,24.0,,,
441,299032720060902.0,327.0,299.0,24.0,23.0,,,
442,388032720060916.0,327.0,388.0,23.0,7.0,,,
443,367032720060923.0,367.0,327.0,24.0,6.0,,,
444,521032720061007.0,327.0,521.0,31.0,27.0,,,
445,463032720061014.0,463.0,327.0,21.0,3.0,,,
446,327043420061021.0,434.0,327.0,41.0,21.0,,,
447,703032720061111.0,327.0,703.0,45.0,42.0,,,
448,327032820061118.0,328.0,327.0,39.0,20.0,,,
449,587032720061228.0,587.0,327.0,37.0,10.0,,,
450,508032820060902.0,328.0,508.0,49.0,18.0,,,
451,498032820060909.0,328.0,498.0,21.0,19.0,,,
452,328070920060915.0,709.0,328.0,37.0,31.0,,,
453,651032820060923.0,328.0,651.0,13.0,7.0,,,
454,328046320060930.0,463.0,328.0,39.0,32.0,,,
455,697032820061007.0,697.0,328.0,21.0,18.0,,,
456,521032820061014.0,521.0,328.0,42.0,32.0,,,
457,328043420061125.0,434.0,328.0,42.0,17.0,,,
458,428033120060831.0,428.0,331.0,44.0,0.0,,,
459,331072520060909.0,725.0,331.0,17.0,14.0,,,
460,331041420060916.0,331.0,414.0,16.0,14.0,,,
461,331069020061007.0,331.0,690.0,28.0,17.0,,,
462,709033120061014.0,331.0,709.0,40.0,14.0,,,
463,519033120061028.0,519.0,331.0,17.0,7.0,,,
464,331074220061111.0,742.0,331.0,23.0,0.0,,,
465,334036720060903.0,367.0,334.0,59.0,28.0,,,
466,670033420060909.0,334.0,670.0,41.0,7.0,,,
467,433033420060916.0,334.0,433.0,31.0,14.0,,,
468,648033420061007.0,648.0,334.0,24.0,17.0,,,
469,334036520061014.0,365.0,334.0,49.0,0.0,,,
470,334043020061028.0,334.0,430.0,34.0,31.0,,,
471,736033420061111.0,334.0,736.0,38.0,26.0,,,
472,498033420061118.0,334.0,498.0,42.0,40.0,,,
473,334069420061125.0,694.0,334.0,17.0,12.0,,,
474,671036520060902.0,365.0,671.0,45.0,3.0,,,
475,718036520060923.0,365.0,718.0,49.0,7.0,,,
476,430036520060930.0,365.0,430.0,48.0,17.0,,,
477,365069420061104.0,365.0,694.0,28.0,24.0,,,
478,433036520061118.0,365.0,433.0,23.0,20.0,,,
479,513036520070103.0,365.0,513.0,41.0,14.0,,,
480,366046320060902.0,463.0,366.0,49.0,10.0,,,
481,483036620060916.0,366.0,483.0,31.0,21.0,,,
482,366069720060923.0,697.0,366.0,45.0,14.0,,,
483,731036620061021.0,366.0,731.0,48.0,35.0,,,
484,366063020061028.0,630.0,366.0,44.0,10.0,,,
485,366049720061104.0,366.0,497.0,34.0,31.0,,,
486,466036620061118.0,466.0,366.0,42.0,0.0,,,
487,366047220061202.0,472.0,366.0,50.0,23.0,,,
488,367069020060909.0,367.0,690.0,62.0,0.0,,,
489,415036720060916.0,367.0,415.0,31.0,7.0,,,
490,367041920061006.0,367.0,419.0,44.0,17.0,,,
491,367068820061021.0,367.0,688.0,28.0,13.0,,,
492,768036720061102.0,367.0,768.0,44.0,34.0,,,
493,367058720061109.0,587.0,367.0,28.0,25.0,,,
494,651036720061118.0,367.0,651.0,31.0,8.0,,,
495,367054520061125.0,367.0,545.0,48.0,24.0,,,
496,367074920070102.0,367.0,749.0,24.0,13.0,,,
497,388076820060902.0,768.0,388.0,42.0,10.0,,,
498,283038820060909.0,388.0,283.0,54.0,31.0,,,
499,388069420060923.0,694.0,388.0,33.0,7.0,,,
500,388066320061014.0,663.0,388.0,31.0,21.0,,,
501,404038820061028.0,388.0,404.0,41.0,27.0,,,
502,718038820061104.0,388.0,718.0,42.0,21.0,,,
503,704038820061118.0,388.0,704.0,49.0,21.0,,,
504,388066420061125.0,664.0,388.0,42.0,7.0,,,
505,786039220060902.0,392.0,786.0,27.0,14.0,,,
506,419039220060909.0,392.0,419.0,24.0,10.0,,,
507,392076820060914.0,768.0,392.0,45.0,24.0,,,
508,392074620061014.0,392.0,746.0,28.0,26.0,,,
509,490039220061021.0,392.0,490.0,26.0,20.0,,,
510,415039220061111.0,392.0,415.0,14.0,13.0,,,
511,749039220061125.0,749.0,392.0,38.0,24.0,,,
512,559039220061229.0,392.0,559.0,24.0,7.0,,,
513,404043320060903.0,433.0,404.0,28.0,25.0,,,
514,693040420060909.0,404.0,693.0,33.0,14.0,,,
515,694040420060930.0,694.0,404.0,41.0,7.0,,,
516,719040420061021.0,719.0,404.0,35.0,14.0,,,
517,664040420061105.0,664.0,404.0,42.0,21.0,,,
518,404070420061125.0,404.0,704.0,38.0,19.0,,,
519,509041420060831.0,509.0,414.0,21.0,3.0,,,
520,414055920060909.0,559.0,414.0,38.0,31.0,,,
521,414068820060923.0,688.0,414.0,34.0,14.0,,,
522,503041420061008.0,503.0,414.0,28.0,25.0,,,
523,414077420061104.0,774.0,414.0,27.0,24.0,,,
524,519041420061124.0,519.0,414.0,34.0,24.0,,,
525,228041520060909.0,415.0,228.0,51.0,10.0,,,
526,457041520061007.0,415.0,457.0,27.0,7.0,,,
527,742041520061104.0,742.0,415.0,17.0,10.0,,,
528,415074620061118.0,746.0,415.0,17.0,7.0,,,
529,415046620061231.0,415.0,466.0,21.0,20.0,,,
530,416054520060916.0,416.0,545.0,38.0,23.0,,,
531,513041620060923.0,513.0,416.0,40.0,37.0,,,
532,416041820061007.0,418.0,416.0,31.0,13.0,,,
533,518041620061014.0,518.0,416.0,38.0,7.0,,,
534,416050920061021.0,416.0,509.0,41.0,38.0,,,
535,559041620061104.0,559.0,416.0,17.0,15.0,,,
536,428041620061111.0,428.0,416.0,31.0,18.0,,,
537,416053920061118.0,539.0,416.0,17.0,13.0,,,
538,736041820060902.0,418.0,736.0,27.0,7.0,,,
539,418051320060916.0,418.0,513.0,47.0,21.0,,,
540,796041820060923.0,418.0,796.0,27.0,13.0,,,
541,418042820060930.0,418.0,428.0,28.0,14.0,,,
542,418053920061014.0,418.0,539.0,17.0,10.0,,,
543,509041820061028.0,418.0,509.0,17.0,3.0,,,
544,418051820061118.0,518.0,418.0,42.0,39.0,,,
545,657041820070101.0,657.0,418.0,32.0,18.0,,,
546,692041920060914.0,419.0,692.0,44.0,0.0,,,
547,419052220060923.0,522.0,419.0,59.0,0.0,,,
548,419049720060930.0,419.0,497.0,35.0,0.0,,,
549,419049820061021.0,419.0,498.0,35.0,21.0,,,
550,419067120061028.0,419.0,671.0,34.0,20.0,,,
551,419064820061118.0,648.0,419.0,52.0,7.0,,,
552,716041920061125.0,716.0,419.0,21.0,20.0,,,
553,690042820060916.0,428.0,690.0,62.0,0.0,,,
554,428055920060923.0,559.0,428.0,27.0,21.0,,,
555,539042820061007.0,539.0,428.0,28.0,27.0,,,
556,428079620061014.0,796.0,428.0,48.0,12.0,,,
557,493042820061021.0,428.0,493.0,10.0,9.0,,,
558,428051820061028.0,518.0,428.0,44.0,0.0,,,
559,700042820061229.0,700.0,428.0,44.0,41.0,,,
560,648043020060831.0,648.0,430.0,15.0,0.0,,,
561,718043020060916.0,718.0,430.0,32.0,29.0,,,
562,768043020061007.0,768.0,430.0,42.0,14.0,,,
563,315043020061014.0,430.0,315.0,35.0,3.0,,,
564,430043320061125.0,433.0,430.0,20.0,17.0,,,
565,433043420060909.0,434.0,433.0,34.0,7.0,,,
566,749043320060923.0,749.0,433.0,27.0,3.0,,,
567,736043320061007.0,433.0,736.0,17.0,10.0,,,
568,508043320061104.0,433.0,508.0,27.0,7.0,,,
569,454043420060902.0,434.0,454.0,47.0,7.0,,,
570,434047320060916.0,434.0,473.0,27.0,17.0,,,
571,519043420060923.0,434.0,519.0,31.0,6.0,,,
572,434070020061007.0,434.0,700.0,38.0,21.0,,,
573,434069720061014.0,697.0,434.0,25.0,19.0,,,
574,522043420061028.0,522.0,434.0,26.0,10.0,,,
575,434046320061104.0,463.0,434.0,34.0,20.0,,,
576,528043420061229.0,528.0,434.0,39.0,38.0,,,
577,587045720060902.0,587.0,457.0,21.0,16.0,,,
578,742045720060909.0,742.0,457.0,35.0,10.0,,,
579,244045720060916.0,457.0,244.0,45.0,42.0,,,
580,651045720061014.0,651.0,457.0,37.0,20.0,,,
581,457074620061019.0,746.0,457.0,23.0,0.0,,,
582,749045720061028.0,749.0,457.0,24.0,17.0,,,
583,457051320061104.0,513.0,457.0,45.0,26.0,,,
584,490045720061118.0,457.0,490.0,23.0,9.0,,,
585,483046320060909.0,463.0,483.0,56.0,7.0,,,
586,463065720060916.0,657.0,463.0,28.0,10.0,,,
587,716046320060923.0,463.0,716.0,56.0,0.0,,,
588,703046320061021.0,703.0,463.0,22.0,20.0,,,
589,463052120061028.0,521.0,463.0,41.0,29.0,,,
590,463069720061111.0,463.0,697.0,28.0,27.0,,,
591,463052220061202.0,522.0,463.0,21.0,7.0,,,
592,294046520060902.0,465.0,294.0,54.0,10.0,,,
593,466046520060930.0,466.0,465.0,31.0,3.0,,,
594,473046520061014.0,473.0,465.0,39.0,36.0,,,
595,465073220061028.0,732.0,465.0,45.0,23.0,,,
596,698046520061104.0,698.0,465.0,25.0,10.0,,,
597,465062620061111.0,626.0,465.0,21.0,7.0,,,
598,811046520061118.0,811.0,465.0,34.0,26.0,,,
599,721046520061124.0,465.0,721.0,42.0,39.0,,,
600,509046620060922.0,466.0,509.0,31.0,21.0,,,
601,630046620061021.0,466.0,630.0,23.0,7.0,,,
602,472046620061028.0,466.0,472.0,48.0,21.0,,,
603,731046620061111.0,466.0,731.0,42.0,0.0,,,
604,655047220060831.0,472.0,655.0,30.0,15.0,,,
605,473047220060909.0,473.0,472.0,34.0,28.0,,,
606,699047220060916.0,472.0,699.0,48.0,14.0,,,
607,472070420060930.0,704.0,472.0,44.0,38.0,,,
608,630047220061104.0,630.0,472.0,31.0,21.0,,,
609,472073120061125.0,472.0,731.0,42.0,20.0,,,
610,550047320060902.0,550.0,473.0,17.0,6.0,,,
611,704047320060923.0,473.0,704.0,26.0,13.0,,,
612,473072120060930.0,721.0,473.0,24.0,7.0,,,
613,811047320061007.0,811.0,473.0,14.0,10.0,,,
614,732047320061019.0,473.0,732.0,34.0,31.0,,,
615,698047320061111.0,698.0,473.0,27.0,21.0,,,
616,626047320061125.0,473.0,626.0,41.0,14.0,,,
617,473063020061223.0,630.0,473.0,20.0,12.0,,,
618,27049020060902.0,490.0,27.0,23.0,10.0,,,
619,490066420060916.0,664.0,490.0,37.0,17.0,,,
620,749049020061014.0,749.0,490.0,25.0,23.0,,,
621,490074620061028.0,746.0,490.0,14.0,7.0,,,
622,497070320060902.0,703.0,497.0,56.0,7.0,,,
623,663049720060909.0,497.0,663.0,24.0,6.0,,,
624,497071920060916.0,719.0,497.0,28.0,3.0,,,
625,497071620061028.0,716.0,497.0,14.0,6.0,,,
626,497067120061111.0,497.0,671.0,16.0,7.0,,,
627,497049820061125.0,498.0,497.0,23.0,3.0,,,
628,17049820060831.0,498.0,17.0,24.0,6.0,,,
629,498071620061014.0,716.0,498.0,24.0,19.0,,,
630,498067120061202.0,498.0,671.0,39.0,20.0,,,
631,503051820060902.0,518.0,503.0,35.0,12.0,,,
632,519050320060909.0,519.0,503.0,35.0,23.0,,,
633,305050320060923.0,503.0,305.0,48.0,14.0,,,
634,503077420061014.0,774.0,503.0,16.0,14.0,,,
635,690050320061021.0,503.0,690.0,43.0,21.0,,,
636,709050320061107.0,709.0,503.0,17.0,13.0,,,
637,503069820061219.0,698.0,503.0,37.0,7.0,,,
638,469050920060909.0,469.0,509.0,34.0,17.0,,,
639,509053920060930.0,539.0,509.0,33.0,7.0,,,
640,509079620061007.0,796.0,509.0,41.0,9.0,,,
641,559050920061014.0,559.0,509.0,31.0,10.0,,,
642,518050920061111.0,518.0,509.0,54.0,10.0,,,
643,539051320060909.0,513.0,539.0,41.0,17.0,,,
644,559051320060930.0,513.0,559.0,35.0,21.0,,,
645,674051320061007.0,513.0,674.0,31.0,10.0,,,
646,513072620061028.0,513.0,726.0,38.0,14.0,,,
647,513072120061111.0,513.0,721.0,39.0,17.0,,,
648,725051320061118.0,513.0,725.0,41.0,9.0,,,
649,513065720061125.0,657.0,513.0,44.0,24.0,,,
650,518070320060909.0,518.0,703.0,24.0,7.0,,,
651,539051820060923.0,518.0,539.0,28.0,6.0,,,
652,695051920060902.0,519.0,695.0,29.0,3.0,,,
653,519058720060916.0,587.0,519.0,24.0,7.0,,,
654,774051920061007.0,519.0,774.0,27.0,20.0,,,
655,519066420070107.0,664.0,519.0,28.0,7.0,,,
656,669052120060902.0,521.0,669.0,52.0,10.0,,,
657,697052120061021.0,697.0,521.0,34.0,33.0,,,
658,521070320061104.0,703.0,521.0,36.0,10.0,,,
659,521070020061118.0,700.0,521.0,30.0,24.0,,,
660,522052120061125.0,522.0,521.0,27.0,21.0,,,
661,756052220060909.0,522.0,756.0,37.0,20.0,,,
662,522052920060916.0,529.0,522.0,34.0,33.0,,,
663,703052220061007.0,703.0,522.0,28.0,10.0,,,
664,522069720061104.0,522.0,697.0,17.0,16.0,,,
665,700052220061111.0,522.0,700.0,34.0,24.0,,,
666,207052820060831.0,528.0,207.0,56.0,17.0,,,
667,754052820061007.0,754.0,528.0,13.0,6.0,,,
668,528075620061014.0,528.0,756.0,27.0,17.0,,,
669,657052820061028.0,528.0,657.0,33.0,31.0,,,
670,528067420061118.0,528.0,674.0,30.0,7.0,,,
671,529052820061124.0,528.0,529.0,30.0,28.0,,,
672,674052920060902.0,529.0,674.0,48.0,10.0,,,
673,529075420061021.0,754.0,529.0,34.0,23.0,,,
674,550052920061028.0,529.0,550.0,55.0,12.0,,,
675,756052920061104.0,529.0,756.0,34.0,14.0,,,
676,529065720061111.0,657.0,529.0,35.0,10.0,,,
677,817053920060916.0,539.0,817.0,37.0,3.0,,,
678,539055920061028.0,539.0,559.0,12.0,0.0,,,
679,539079620061104.0,796.0,539.0,13.0,3.0,,,
680,690053920061111.0,539.0,690.0,47.0,0.0,,,
681,694053920070101.0,539.0,694.0,20.0,10.0,,,
682,746054520060902.0,545.0,746.0,38.0,13.0,,,
683,141054520060923.0,545.0,141.0,51.0,6.0,,,
684,709054520060930.0,545.0,709.0,45.0,3.0,,,
685,545068820061007.0,545.0,688.0,21.0,11.0,,,
686,587054520061021.0,587.0,545.0,20.0,10.0,,,
687,545065120061104.0,651.0,545.0,22.0,12.0,,,
688,768054520061116.0,768.0,545.0,45.0,27.0,,,
689,305055920060902.0,559.0,305.0,60.0,35.0,,,
690,796055920061021.0,796.0,559.0,24.0,3.0,,,
691,703057420060916.0,703.0,574.0,52.0,7.0,,,
692,574072520060930.0,574.0,725.0,48.0,14.0,,,
693,574071820061007.0,718.0,574.0,38.0,24.0,,,
694,574070420061104.0,574.0,704.0,37.0,31.0,,,
695,574071920061111.0,574.0,719.0,41.0,38.0,,,
696,663057420061125.0,574.0,663.0,31.0,27.0,,,
697,574071620061222.0,716.0,574.0,41.0,17.0,,,
698,290058720060923.0,587.0,290.0,56.0,7.0,,,
699,587065120060929.0,587.0,651.0,22.0,20.0,,,
700,587072620061014.0,587.0,726.0,34.0,0.0,,,
701,688058720061125.0,587.0,688.0,38.0,7.0,,,
702,587076820061202.0,768.0,587.0,41.0,39.0,,,
703,704062620060831.0,704.0,626.0,34.0,27.0,,,
704,626079620060916.0,796.0,626.0,14.0,0.0,,,
705,732062620060923.0,732.0,626.0,38.0,7.0,,,
706,626063020060930.0,630.0,626.0,31.0,10.0,,,
707,721062620061021.0,626.0,721.0,19.0,12.0,,,
708,90062620061028.0,90.0,626.0,16.0,14.0,,,
709,626081120061104.0,811.0,626.0,27.0,24.0,,,
710,626069820061118.0,698.0,626.0,52.0,0.0,,,
711,630075620060902.0,756.0,630.0,35.0,29.0,,,
712,674063020060909.0,630.0,674.0,35.0,34.0,,,
713,90063020060923.0,630.0,90.0,17.0,7.0,,,
714,731063020061014.0,630.0,731.0,21.0,14.0,,,
715,2915064820060916.0,648.0,2915.0,27.0,20.0,,,
716,648073620061021.0,648.0,736.0,31.0,13.0,,,
717,694064820061028.0,694.0,648.0,31.0,24.0,,,
718,402065120060902.0,651.0,402.0,41.0,10.0,,,
719,688065120061111.0,651.0,688.0,27.0,10.0,,,
720,651076820061125.0,651.0,768.0,24.0,19.0,,,
721,657075420060930.0,657.0,754.0,28.0,22.0,,,
722,756065720061007.0,657.0,756.0,26.0,20.0,,,
723,657067420061104.0,657.0,674.0,42.0,0.0,,,
724,663070020060902.0,700.0,663.0,35.0,3.0,,,
725,624066320060916.0,663.0,624.0,45.0,14.0,,,
726,663071820060930.0,663.0,718.0,33.0,28.0,,,
727,663070420061007.0,704.0,663.0,24.0,21.0,,,
728,719066320061118.0,663.0,719.0,34.0,24.0,,,
729,655066420060909.0,664.0,655.0,45.0,0.0,,,
730,664071920061003.0,719.0,664.0,20.0,6.0,,,
731,664074220061021.0,742.0,664.0,36.0,6.0,,,
732,664071820061111.0,664.0,718.0,31.0,3.0,,,
733,671069720060909.0,697.0,671.0,51.0,7.0,,,
734,488067120060923.0,671.0,488.0,48.0,7.0,,,
735,671071620061104.0,716.0,671.0,42.0,28.0,,,
736,726067420060916.0,726.0,674.0,37.0,9.0,,,
737,754067420060923.0,754.0,674.0,36.0,10.0,,,
738,674075620061111.0,674.0,756.0,20.0,3.0,,,
739,688074920060902.0,749.0,688.0,20.0,10.0,,,
740,811068820060930.0,688.0,811.0,40.0,34.0,,,
741,688076820061014.0,768.0,688.0,41.0,17.0,,,
742,690077420060923.0,774.0,690.0,41.0,7.0,,,
743,690073620060930.0,736.0,690.0,43.0,14.0,,,
744,690072620061118.0,726.0,690.0,42.0,6.0,,,
745,721069420060909.0,694.0,721.0,31.0,30.0,,,
746,694073620061118.0,694.0,736.0,39.0,10.0,,,
747,141069720060902.0,697.0,141.0,35.0,3.0,,,
748,697072520060916.0,697.0,725.0,28.0,24.0,,,
749,700069720060930.0,700.0,697.0,31.0,27.0,,,
750,697070320061124.0,697.0,703.0,12.0,7.0,,,
751,108069820060909.0,698.0,108.0,46.0,13.0,,,
752,700069820060916.0,698.0,700.0,12.0,3.0,,,
753,698073220061005.0,732.0,698.0,20.0,7.0,,,
754,698072520061021.0,698.0,725.0,31.0,17.0,,,
755,811069820061028.0,698.0,811.0,26.0,3.0,,,
756,721069820061202.0,698.0,721.0,38.0,14.0,,,
757,700070420060909.0,700.0,704.0,38.0,35.0,,,
758,655070020060923.0,700.0,655.0,62.0,0.0,,,
759,703070020061028.0,703.0,700.0,35.0,31.0,,,
760,624070320060930.0,703.0,624.0,56.0,3.0,,,
761,718070420061014.0,704.0,718.0,34.0,20.0,,,
762,704071920061027.0,719.0,704.0,30.0,20.0,,,
763,709077420060909.0,774.0,709.0,31.0,10.0,,,
764,402070920060923.0,709.0,402.0,41.0,7.0,,,
765,7071620060902.0,716.0,7.0,38.0,0.0,,,
766,725071820061028.0,718.0,725.0,42.0,28.0,,,
767,718071920061124.0,719.0,718.0,38.0,3.0,,,
768,676071920060831.0,719.0,676.0,45.0,7.0,,,
769,719072620060923.0,719.0,726.0,24.0,23.0,,,
770,719073220061223.0,732.0,719.0,25.0,13.0,,,
771,721081120060923.0,721.0,811.0,31.0,24.0,,,
772,726072120061007.0,726.0,721.0,24.0,17.0,,,
773,721072520061103.0,721.0,725.0,43.0,7.0,,,
774,732072120061118.0,732.0,721.0,17.0,14.0,,,
775,741072520061007.0,725.0,741.0,62.0,7.0,,,
776,725072620061202.0,726.0,725.0,26.0,14.0,,,
777,400072620060909.0,726.0,400.0,21.0,20.0,,,
778,731081120060902.0,811.0,731.0,38.0,7.0,,,
779,732073120060916.0,732.0,731.0,48.0,0.0,,,
780,501073220060909.0,732.0,501.0,45.0,7.0,,,
781,732081120061014.0,811.0,732.0,31.0,15.0,,,
782,691073620060923.0,736.0,691.0,38.0,9.0,,,
783,500074220060902.0,742.0,500.0,38.0,0.0,,,
784,742074920061118.0,742.0,749.0,27.0,6.0,,,
785,746074220061125.0,742.0,746.0,17.0,0.0,,,
786,811074620060909.0,746.0,811.0,13.0,12.0,,,
787,774074620060916.0,774.0,746.0,17.0,10.0,,,
788,355074920060930.0,749.0,355.0,34.0,14.0,,,
789,756075420061118.0,756.0,754.0,35.0,32.0,,,
790,207076820060909.0,768.0,207.0,52.0,3.0,,,
791,771079620060909.0,796.0,771.0,34.0,10.0,,,
